Accession Number,EC,Species,Label,Enzyme,Reaction ID,Mechanism,Substrates,Products,Km,Kcat,Inhibitors,KI
WP_000789986.1,5.3.1.9,Escherichia coli,R1,Glucose-6-phosphate isomerase,R00771,MRL,C00092,C00085,Km_C00085: 0.2; Km_C00092: 0.28,Kcat_F: 1.292204517; Kcat_R: 0.832305128,C00117;C00199;C00345;C00074,C00074_KI: 0.1728342622518539;C00117_KI: 0.6574572324752808;C00199_KI: 0.2124285399913787;C00345_KI: 0.1329662054777145
WP_000789986.1,5.3.1.9,Escherichia coli,R2,Glucose-6-phosphate isomerase,R02740,MRL,C00668,C05345,Km_C05345: 0.147; Km_C00668: 0.678788722,Kcat_F: 1.292204517; Kcat_R: 0.832305128,C00117;C00199;C00345;C00074,C00074_KI: 0.1728342622518539;C00117_KI: 0.6574572324752808;C00199_KI: 0.2124285399913787;C00345_KI: 0.1329662054777145
WP_000789986.1,5.3.1.9,Escherichia coli,R3,Glucose-6-phosphate isomerase,R03321,MRL,C01172,C05345,Km_C05345: 0.147; Km_C01172: 0.678788722,Kcat_F: 1.292204517; Kcat_R: 0.832305128,C00117;C00199;C00345;C00074,C00074_KI: 0.1728342622518539;C00117_KI: 0.6574572324752808;C00199_KI: 0.2124285399913787;C00345_KI: 0.1329662054777145
WP_000789986.1,5.3.1.9,Escherichia coli,R4,Glucose-6-phosphate isomerase,R02739,MRL,C00668,C01172,Km_C01172: 0.678788722; Km_C00668: 0.678788722,Kcat_F: 1.292204517; Kcat_R: 1.292204517,C00117;C00199;C00345;C00074,C00074_KI: 0.1728342622518539;C00117_KI: 0.6574572324752808;C00199_KI: 0.2124285399913787;C00345_KI: 0.1329662054777145
WP_000591795.1,2.7.1.11,Escherichia coli,R5,6-phosphofructokinase,R00756,MRL,C00002; C00085,C00008; C00354,Km_C00008: 0.068868771; Km_C00354: 0.123040177; Km_C00002: 0.073803619; Km_C00085: 0.206363901,Kcat_F: 102.0948756; Kcat_R: 68.69468206549999,C00074;C00158;C00009;C00008;C00236;C00631;C13199;C00002;C00988;C00044;C00197,C00197_KI: 0.2720306813716888;C00074_KI: 0.1497044861316681;C00988_KI: 0.2159814536571502;C00236_KI: 0.088793821632862;C00008_KI: 0.0688687711954116;C00631_KI: 0.2169109284877777;C00158_KI: 0.5169147849082947;C00044_KI: 0.0800949186086654;C13199_KI: 0.24729200229048726;C00009_KI: 0.7898165583610535;C00002_KI: 0.0738036185503006
WP_000591795.1,2.7.1.11,Escherichia coli,R6,6-phosphofructokinase,R04779,MRL,C00002; C05345,C00008; C05378,Km_C00008: 0.068868771; Km_C05378: 0.123040177; Km_C00002: 0.073803619; Km_C05345: 0.027499999999999997,Kcat_F: 72.24687560000001; Kcat_R: 68.69468206549999,C00074;C00158;C00009;C00008;C00236;C00631;C13199;C00002;C00988;C00044;C00197,C00197_KI: 0.2720306813716888;C00074_KI: 0.1497044861316681;C00988_KI: 0.2159814536571502;C00236_KI: 0.088793821632862;C00008_KI: 0.0688687711954116;C00631_KI: 0.2169109284877777;C00158_KI: 0.5169147849082947;C00044_KI: 0.0800949186086654;C13199_KI: 0.24729200229048726;C00009_KI: 0.7898165583610535;C00002_KI: 0.0738036185503006
WP_000591795.1,2.7.1.11,Escherichia coli,R7,6-phosphofructokinase,R00767,MRL,C00063; C00085,C00112; C00354,Km_C00112: 0.0586504; Km_C00354: 0.123040177; Km_C00063: 11.0; Km_C00085: 0.206363901,Kcat_F: 113.35434365; Kcat_R: 83.0863661655,C00074;C00158;C00009;C00008;C00236;C00631;C13199;C00002;C00988;C00044;C00197,C00197_KI: 0.2720306813716888;C00074_KI: 0.1497044861316681;C00988_KI: 0.2159814536571502;C00236_KI: 0.088793821632862;C00008_KI: 0.0688687711954116;C00631_KI: 0.2169109284877777;C00158_KI: 0.5169147849082947;C00044_KI: 0.0800949186086654;C13199_KI: 0.24729200229048726;C00009_KI: 0.7898165583610535;C00002_KI: 0.0738036185503006
WP_000591795.1,2.7.1.11,Escherichia coli,R8,6-phosphofructokinase,R00769,MRL,C00075; C00085,C00015; C00354,Km_C00015: 0.147311985; Km_C00354: 0.123040177; Km_C00075: 5.1; Km_C00085: 0.206363901,Kcat_F: 92.367321505; Kcat_R: 56.9284049655,C00074;C00158;C00009;C00008;C00236;C00631;C13199;C00002;C00988;C00044;C00197,C00197_KI: 0.2720306813716888;C00074_KI: 0.1497044861316681;C00988_KI: 0.2159814536571502;C00236_KI: 0.088793821632862;C00008_KI: 0.0688687711954116;C00631_KI: 0.2169109284877777;C00158_KI: 0.5169147849082947;C00044_KI: 0.0800949186086654;C13199_KI: 0.24729200229048726;C00009_KI: 0.7898165583610535;C00002_KI: 0.0738036185503006
WP_000591795.1,2.7.1.11,Escherichia coli,R9,6-phosphofructokinase,R00770,MRL,C00081; C00085,C00104; C00354,Km_C00104: 0.077306546; Km_C00354: 0.123040177; Km_C00081: 2.2; Km_C00085: 0.206363901,Kcat_F: 90.43650879500001; Kcat_R: 55.868415515500004,C00074;C00158;C00009;C00008;C00236;C00631;C13199;C00002;C00988;C00044;C00197,C00197_KI: 0.2720306813716888;C00074_KI: 0.1497044861316681;C00988_KI: 0.2159814536571502;C00236_KI: 0.088793821632862;C00008_KI: 0.0688687711954116;C00631_KI: 0.2169109284877777;C00158_KI: 0.5169147849082947;C00044_KI: 0.0800949186086654;C13199_KI: 0.24729200229048726;C00009_KI: 0.7898165583610535;C00002_KI: 0.0738036185503006
WP_000591795.1,2.7.1.11,Escherichia coli,R10,6-phosphofructokinase,R01843,MRL,C00002; C05382,C00008; C00447,Km_C00008: 0.068868771; Km_C00447: 0.107532084; Km_C00002: 0.073803619; Km_C05382: 2.5,Kcat_F: 59.2198756; Kcat_R: 113.13586243499999,C00074;C00158;C00009;C00008;C00236;C00631;C13199;C00002;C00988;C00044;C00197,C00197_KI: 0.2720306813716888;C00074_KI: 0.1497044861316681;C00988_KI: 0.2159814536571502;C00236_KI: 0.088793821632862;C00008_KI: 0.0688687711954116;C00631_KI: 0.2169109284877777;C00158_KI: 0.5169147849082947;C00044_KI: 0.0800949186086654;C13199_KI: 0.24729200229048726;C00009_KI: 0.7898165583610535;C00002_KI: 0.0738036185503006
WP_000591795.1,2.7.1.11,Escherichia coli,R11,6-phosphofructokinase,R03236,MRL,C00002; C01097,C00008; C03785,Km_C00008: 0.068868771; Km_C03785: 0.123040177; Km_C00002: 0.073803619; Km_C01097: 0.206363901,Kcat_F: 108.48623761; Kcat_R: 68.69468206549999,C00074;C00158;C00009;C00008;C00236;C00631;C13199;C00002;C00988;C00044;C00197,C00197_KI: 0.2720306813716888;C00074_KI: 0.1497044861316681;C00988_KI: 0.2159814536571502;C00236_KI: 0.088793821632862;C00008_KI: 0.0688687711954116;C00631_KI: 0.2169109284877777;C00158_KI: 0.5169147849082947;C00044_KI: 0.0800949186086654;C13199_KI: 0.24729200229048726;C00009_KI: 0.7898165583610535;C00002_KI: 0.0738036185503006
WP_000591795.1,2.7.1.11,Escherichia coli,R12,6-phosphofructokinase,R03237,MRL,C00063; C01097,C00112; C03785,Km_C00112: 0.0586504; Km_C03785: 0.123040177; Km_C00063: 11.0; Km_C01097: 0.206363901,Kcat_F: 119.74570566; Kcat_R: 83.0863661655,C00074;C00158;C00009;C00008;C00236;C00631;C13199;C00002;C00988;C00044;C00197,C00197_KI: 0.2720306813716888;C00074_KI: 0.1497044861316681;C00988_KI: 0.2159814536571502;C00236_KI: 0.088793821632862;C00008_KI: 0.0688687711954116;C00631_KI: 0.2169109284877777;C00158_KI: 0.5169147849082947;C00044_KI: 0.0800949186086654;C13199_KI: 0.24729200229048726;C00009_KI: 0.7898165583610535;C00002_KI: 0.0738036185503006
WP_000591795.1,2.7.1.11,Escherichia coli,R13,6-phosphofructokinase,R03238,MRL,C00075; C01097,C00015; C03785,Km_C00015: 0.147311985; Km_C03785: 0.123040177; Km_C00075: 5.1; Km_C01097: 0.206363901,Kcat_F: 98.758683515; Kcat_R: 56.9284049655,C00074;C00158;C00009;C00008;C00236;C00631;C13199;C00002;C00988;C00044;C00197,C00197_KI: 0.2720306813716888;C00074_KI: 0.1497044861316681;C00988_KI: 0.2159814536571502;C00236_KI: 0.088793821632862;C00008_KI: 0.0688687711954116;C00631_KI: 0.2169109284877777;C00158_KI: 0.5169147849082947;C00044_KI: 0.0800949186086654;C13199_KI: 0.24729200229048726;C00009_KI: 0.7898165583610535;C00002_KI: 0.0738036185503006
WP_000591795.1,2.7.1.11,Escherichia coli,R14,6-phosphofructokinase,R03239,MRL,C00081; C01097,C00104; C03785,Km_C00104: 0.077306546; Km_C03785: 0.123040177; Km_C00081: 2.2; Km_C01097: 0.206363901,Kcat_F: 96.827870805; Kcat_R: 55.868415515500004,C00074;C00158;C00009;C00008;C00236;C00631;C13199;C00002;C00988;C00044;C00197,C00197_KI: 0.2720306813716888;C00074_KI: 0.1497044861316681;C00988_KI: 0.2159814536571502;C00236_KI: 0.088793821632862;C00008_KI: 0.0688687711954116;C00631_KI: 0.2169109284877777;C00158_KI: 0.5169147849082947;C00044_KI: 0.0800949186086654;C13199_KI: 0.24729200229048726;C00009_KI: 0.7898165583610535;C00002_KI: 0.0738036185503006
WP_000853753.1,3.1.3.11,Escherichia coli,R15,Fructose-bisphosphatase,R00762,MRL,C00001; C00354,C00009; C00085,Km_C00009: 0.320538223; Km_C00085: 0.137154579; Km_C00001: 0.495092779; Km_C00354: 0.035,Kcat_F: 1.4600096685; Kcat_R: 0.289105657,C00074;C01172;C00009;C00665;C00008;C00097;C02086;C00020;C06232;C00002;C01478;C11215;C00736;C20679,C01172_KI: 0.1417470425367355;C00008_KI: 0.0212384089827537;C00665_KI: 0.0284195356070995;C01478_KI: 0.2802926898002624;C00097_KI: 0.1049090027809143;C11215_KI: 0.1131676580183781;C06232_KI: 0.1313289850950241;C00736_KI: 0.1049090027809143;C00002_KI: 0.016829838976264;C20679_KI: 0.1309760063886642;C02086_KI: 0.1549761742353439;C00074_KI: 0.0194881968200206;C00009_KI: 0.3205382227897644;C00020_KI: 0.0155264474451541
WP_000853753.1,3.1.3.11,Escherichia coli,R16,Fructose-bisphosphatase,R04780,MRL,C00001; C05378,C00009; C05345,Km_C00009: 0.320538223; Km_C05345: 0.137154579; Km_C00001: 0.495092779; Km_C05378: 0.1,Kcat_F: 2.5345918115; Kcat_R: 0.289105657,C00074;C01172;C00009;C00665;C00008;C00097;C02086;C00020;C06232;C00002;C01478;C11215;C00736;C20679,C01172_KI: 0.1417470425367355;C00008_KI: 0.0212384089827537;C00665_KI: 0.0284195356070995;C01478_KI: 0.2802926898002624;C00097_KI: 0.1049090027809143;C11215_KI: 0.1131676580183781;C06232_KI: 0.1313289850950241;C00736_KI: 0.1049090027809143;C00002_KI: 0.016829838976264;C20679_KI: 0.1309760063886642;C02086_KI: 0.1549761742353439;C00074_KI: 0.0194881968200206;C00009_KI: 0.3205382227897644;C00020_KI: 0.0155264474451541
WP_000853753.1,3.1.3.11,Escherichia coli,R17,Fructose-bisphosphatase,R01845,MRL,C00001; C00447,C00009; C05382,Km_C00009: 0.320538223; Km_C05382: 0.01538996; Km_C00001: 0.495092779; Km_C00447: 0.011786909,Kcat_F: 1.8592338759999998; Kcat_R: 0.5713370975,C00074;C01172;C00009;C00665;C00008;C00097;C02086;C00020;C06232;C00002;C01478;C11215;C00736;C20679,C01172_KI: 0.1417470425367355;C00008_KI: 0.0212384089827537;C00665_KI: 0.0284195356070995;C01478_KI: 0.2802926898002624;C00097_KI: 0.1049090027809143;C11215_KI: 0.1131676580183781;C06232_KI: 0.1313289850950241;C00736_KI: 0.1049090027809143;C00002_KI: 0.016829838976264;C20679_KI: 0.1309760063886642;C02086_KI: 0.1549761742353439;C00074_KI: 0.0194881968200206;C00009_KI: 0.3205382227897644;C00020_KI: 0.0155264474451541
WP_000034372.1,4.1.2.13,Escherichia coli,R18,Fructose-bisphosphate aldolase,R01068,MRL,C00354,C00111; C00118,Km_C00111: 0.219039723; Km_C00118: 0.376360387; Km_C00354: 0.18,Kcat_F: 6.242500000000001; Kcat_R: 3.7595076315,C00345;C00284;C00074;C00111,C00345_KI: 0.0856020227074623;C00111_KI: 0.2190397232770919;C00074_KI: 0.0969618707895279;C00284_KI: 0.1028713583946228
WP_000034372.1,4.1.2.13,Escherichia coli,R19,Fructose-bisphosphate aldolase,R01070,MRL,C05378,C00111; C00118,Km_C00111: 0.219039723; Km_C00118: 0.376360387; Km_C05378: 0.103718825,Kcat_F: 0.439722953; Kcat_R: 3.7595076315,C00345;C00284;C00074;C00111,C00345_KI: 0.0856020227074623;C00111_KI: 0.2190397232770919;C00074_KI: 0.0969618707895279;C00284_KI: 0.1028713583946228
WP_000034372.1,4.1.2.13,Escherichia coli,R20,Fructose-bisphosphate aldolase,R01829,MRL,C00447,C00111; C00279,Km_C00111: 0.219039723; Km_C00279: 0.159231856; Km_C00447: 0.078385606,Kcat_F: 2.649514207; Kcat_R: 2.9558872515,C00345;C00284;C00074;C00111,C00345_KI: 0.0856020227074623;C00111_KI: 0.2190397232770919;C00074_KI: 0.0969618707895279;C00284_KI: 0.1028713583946228
WP_000034372.1,4.1.2.13,Escherichia coli,R21,Fructose-bisphosphate aldolase,R02568,MRL,C01094,C00111; C00577,Km_C00111: 0.219039723; Km_C00577: 1.749873877; Km_C01094: 0.699701726,Kcat_F: 0.462073109; Kcat_R: 3.55576296,C00345;C00284;C00074;C00111,C00345_KI: 0.0856020227074623;C00111_KI: 0.2190397232770919;C00074_KI: 0.0969618707895279;C00284_KI: 0.1028713583946228
WP_001216325.1,5.3.1.1,Escherichia coli,R22,Triose-phosphate isomerase,R01015,MRL,C00118,C00111,Km_C00111: 0.518174112; Km_C00118: 0.976029575,Kcat_F: 1022.557862; Kcat_R: 166.9168823,C18713;C00158;C01172;C00074;C00631;C00042;C01159;C01478;C00002;C05345;C11215;C00988;C00127;C00197,C00988_KI: 0.4588688313961029;C00127_KI: 0.0900616273283958;C11215_KI: 0.7428793907165527;C01478_KI: 2.07509994506836;C01172_KI: 1.299474835395813;C18713_KI: 1.3871033191680908;C01159_KI: 0.4628119468688965;C00197_KI: 0.3942662179470062;C05345_KI: 1.2658085823059082;C00042_KI: 0.8435832858085632;C00631_KI: 0.332032173871994;C00074_KI: 0.2080112993717193;C00158_KI: 0.7475402355194092;C00002_KI: 0.0927697792649269
WP_000111269.1,2.7.2.3,Escherichia coli,R23,Phosphoglycerate kinase,R01512,MRL,C00002; C00197,C00008; C00236,Km_C00008: 0.098627448; Km_C00236: 0.186507493; Km_C00002: 0.099012464; Km_C00197: 0.717952311,Kcat_F: 46.065375720000006; Kcat_R: 21.028835975,C00002,C00002_KI: 0.0990124642848968
WP_000036723.1,4.2.1.11,Escherichia coli,R24,Phosphopyruvate hydratase,R00658,MRL,C00631,C00001; C00074,Km_C00001: 5.651566505; Km_C00074: 0.453958184; Km_C00631: 0.84220314,Kcat_F: 9.247853892; Kcat_R: 7.796041840500001,C00158;C00451;C00009;C16487;C00742;C00013;C00988,C00988_KI: 0.7346261143684387;C00013_KI: 0.6214942336082458;C00451_KI: 0.3978515565395355;C00009_KI: 2.522740364074707;C00742_KI: 13.937146186828612;C00158_KI: 0.57906174659729;C16487_KI: 3.1321533670028052
WP_000036723.1,4.2.1.11,Escherichia coli,R25,Phosphopyruvate hydratase,R04206,MRL,C03356,C00001; C04309,Km_C00001: 5.651566505; Km_C04309: 0.453891814; Km_C03356: 0.439569116,Kcat_F: 4.081638296; Kcat_R: 4.0397496175,C00158;C00451;C00009;C16487;C00742;C00013;C00988,C00988_KI: 0.7346261143684387;C00013_KI: 0.6214942336082458;C00451_KI: 0.3978515565395355;C00009_KI: 2.522740364074707;C00742_KI: 13.937146186828612;C00158_KI: 0.57906174659729;C16487_KI: 3.1321533670028052
WP_000069410.1,2.7.9.2,Escherichia coli,R26,"Pyruvate, water dikinase",R00199,MRL,C00001; C00002; C00022,C00009; C00020; C00074,Km_C00009: 1.4596771; Km_C00020: 0.023508446; Km_C00074: 0.141774222; Km_C00001: 0.2813887; Km_C00002: 0.021786314; Km_C00022: 0.083,Kcat_F: 4.470776205666667; Kcat_R: 4.215818079333333,C00074;C00008;C00036;C16487;C00020;C00742;C00026;C00209,C00742_KI: 0.4824646413326263;C00209_KI: 0.1947287023067474;C00036_KI: 0.1191418543457984;C00026_KI: 0.239058181643486;C00074_KI: 0.1417742222547531;C00008_KI: 0.0263020563870668;C00020_KI: 0.0240028332918882;C16487_KI: 0.17535321308033805
WP_001295403.1,2.7.1.40,Escherichia coli,R27,Pyruvate kinase,R00200,MRL,C00002; C00022,C00008; C00074,Km_C00008: 0.051032659; Km_C00074: 0.144000247; Km_C00002: 0.044206705; Km_C00022: 0.87643075,Kcat_F: 10.6279720875; Kcat_R: 7.9375634995,C00302;C00158;C00008;C00009;C00122;C00389;C00002;C05625;C00026;C00209;C00025;C00091;C00041;C00044;C01401,C00041_KI: 1.0011966228485107;C00122_KI: 0.454898476600647;C00302_KI: 1.2378344535827637;C05625_KI: 0.0313110388815403;C00026_KI: 0.3521106839179992;C01401_KI: 1.0011966228485107;C00158_KI: 0.4969476759433746;C00389_KI: 0.0082973763346672;C00025_KI: 1.2378344535827637;C00091_KI: 0.033106904476881;C00009_KI: 0.9957552552223206;C00044_KI: 0.0551155321300029;C00008_KI: 0.0510326586663723;C00209_KI: 0.6601953506469727;C00002_KI: 0.0442067049443721
WP_001295403.1,2.7.1.40,Escherichia coli,R28,Pyruvate kinase,R00430,MRL,C00022; C00044,C00035; C00074,Km_C00035: 0.031300213; Km_C00074: 0.144000247; Km_C00022: 0.87643075; Km_C00044: 0.055115532,Kcat_F: 6.149742624; Kcat_R: 3.753631475,C00302;C00158;C00008;C00009;C00122;C00389;C00002;C05625;C00026;C00209;C00025;C00091;C00041;C00044;C01401,C00041_KI: 1.0011966228485107;C00122_KI: 0.454898476600647;C00302_KI: 1.2378344535827637;C05625_KI: 0.0313110388815403;C00026_KI: 0.3521106839179992;C01401_KI: 1.0011966228485107;C00158_KI: 0.4969476759433746;C00389_KI: 0.0082973763346672;C00025_KI: 1.2378344535827637;C00091_KI: 0.033106904476881;C00009_KI: 0.9957552552223206;C00044_KI: 0.0551155321300029;C00008_KI: 0.0510326586663723;C00209_KI: 0.6601953506469727;C00002_KI: 0.0442067049443721
WP_001295403.1,2.7.1.40,Escherichia coli,R29,Pyruvate kinase,R00572,MRL,C00022; C00063,C00074; C00112,Km_C00074: 0.144000247; Km_C00112: 0.036078647; Km_C00022: 0.87643075; Km_C00063: 0.066866696,Kcat_F: 8.4072842075; Kcat_R: 9.3889003745,C00302;C00158;C00008;C00009;C00122;C00389;C00002;C05625;C00026;C00209;C00025;C00091;C00041;C00044;C01401,C00041_KI: 1.0011966228485107;C00122_KI: 0.454898476600647;C00302_KI: 1.2378344535827637;C05625_KI: 0.0313110388815403;C00026_KI: 0.3521106839179992;C01401_KI: 1.0011966228485107;C00158_KI: 0.4969476759433746;C00389_KI: 0.0082973763346672;C00025_KI: 1.2378344535827637;C00091_KI: 0.033106904476881;C00009_KI: 0.9957552552223206;C00044_KI: 0.0551155321300029;C00008_KI: 0.0510326586663723;C00209_KI: 0.6601953506469727;C00002_KI: 0.0442067049443721
WP_001295403.1,2.7.1.40,Escherichia coli,R30,Pyruvate kinase,R00659,MRL,C00022; C00075,C00015; C00074,Km_C00015: 0.152999684; Km_C00074: 0.144000247; Km_C00022: 0.87643075; Km_C00075: 0.223727554,Kcat_F: 6.6693660065; Kcat_R: 5.188231512,C00302;C00158;C00008;C00009;C00122;C00389;C00002;C05625;C00026;C00209;C00025;C00091;C00041;C00044;C01401,C00041_KI: 1.0011966228485107;C00122_KI: 0.454898476600647;C00302_KI: 1.2378344535827637;C05625_KI: 0.0313110388815403;C00026_KI: 0.3521106839179992;C01401_KI: 1.0011966228485107;C00158_KI: 0.4969476759433746;C00389_KI: 0.0082973763346672;C00025_KI: 1.2378344535827637;C00091_KI: 0.033106904476881;C00009_KI: 0.9957552552223206;C00044_KI: 0.0551155321300029;C00008_KI: 0.0510326586663723;C00209_KI: 0.6601953506469727;C00002_KI: 0.0442067049443721
WP_001295403.1,2.7.1.40,Escherichia coli,R31,Pyruvate kinase,R00724,MRL,C00022; C00081,C00074; C00104,Km_C00074: 0.144000247; Km_C00104: 0.055906694; Km_C00022: 0.87643075; Km_C00081: 0.071252503,Kcat_F: 8.4022360785; Kcat_R: 8.0710157245,C00302;C00158;C00008;C00009;C00122;C00389;C00002;C05625;C00026;C00209;C00025;C00091;C00041;C00044;C01401,C00041_KI: 1.0011966228485107;C00122_KI: 0.454898476600647;C00302_KI: 1.2378344535827637;C05625_KI: 0.0313110388815403;C00026_KI: 0.3521106839179992;C01401_KI: 1.0011966228485107;C00158_KI: 0.4969476759433746;C00389_KI: 0.0082973763346672;C00025_KI: 1.2378344535827637;C00091_KI: 0.033106904476881;C00009_KI: 0.9957552552223206;C00044_KI: 0.0551155321300029;C00008_KI: 0.0510326586663723;C00209_KI: 0.6601953506469727;C00002_KI: 0.0442067049443721
WP_001295403.1,2.7.1.40,Escherichia coli,R32,Pyruvate kinase,R01138,MRL,C00022; C00131,C00074; C00206,Km_C00074: 0.144000247; Km_C00206: 0.018646972; Km_C00022: 0.87643075; Km_C00131: 0.016942503,Kcat_F: 6.3872338345; Kcat_R: 4.48425701,C00302;C00158;C00008;C00009;C00122;C00389;C00002;C05625;C00026;C00209;C00025;C00091;C00041;C00044;C01401,C00041_KI: 1.0011966228485107;C00122_KI: 0.454898476600647;C00302_KI: 1.2378344535827637;C05625_KI: 0.0313110388815403;C00026_KI: 0.3521106839179992;C01401_KI: 1.0011966228485107;C00158_KI: 0.4969476759433746;C00389_KI: 0.0082973763346672;C00025_KI: 1.2378344535827637;C00091_KI: 0.033106904476881;C00009_KI: 0.9957552552223206;C00044_KI: 0.0551155321300029;C00008_KI: 0.0510326586663723;C00209_KI: 0.6601953506469727;C00002_KI: 0.0442067049443721
WP_001295403.1,2.7.1.40,Escherichia coli,R33,Pyruvate kinase,R01858,MRL,C00022; C00286,C00074; C00361,Km_C00074: 0.144000247; Km_C00361: 0.019646076; Km_C00022: 0.87643075; Km_C00286: 0.020049427,Kcat_F: 5.8438467575; Kcat_R: 2.8184920695000004,C00302;C00158;C00008;C00009;C00122;C00389;C00002;C05625;C00026;C00209;C00025;C00091;C00041;C00044;C01401,C00041_KI: 1.0011966228485107;C00122_KI: 0.454898476600647;C00302_KI: 1.2378344535827637;C05625_KI: 0.0313110388815403;C00026_KI: 0.3521106839179992;C01401_KI: 1.0011966228485107;C00158_KI: 0.4969476759433746;C00389_KI: 0.0082973763346672;C00025_KI: 1.2378344535827637;C00091_KI: 0.033106904476881;C00009_KI: 0.9957552552223206;C00044_KI: 0.0551155321300029;C00008_KI: 0.0510326586663723;C00209_KI: 0.6601953506469727;C00002_KI: 0.0442067049443721
WP_001295403.1,2.7.1.40,Escherichia coli,R34,Pyruvate kinase,R02320,MRL,C00022; C00201,C00074; C00454,Km_C00074: 0.144000247; Km_C00454: 0.5102154985; Km_C00022: 0.87643075; Km_C00201: 0.5102154985,Kcat_F: 11.49611796; Kcat_R: 5.425748579,C00302;C00158;C00008;C00009;C00122;C00389;C00002;C05625;C00026;C00209;C00025;C00091;C00041;C00044;C01401,C00041_KI: 1.0011966228485107;C00122_KI: 0.454898476600647;C00302_KI: 1.2378344535827637;C05625_KI: 0.0313110388815403;C00026_KI: 0.3521106839179992;C01401_KI: 1.0011966228485107;C00158_KI: 0.4969476759433746;C00389_KI: 0.0082973763346672;C00025_KI: 1.2378344535827637;C00091_KI: 0.033106904476881;C00009_KI: 0.9957552552223206;C00044_KI: 0.0551155321300029;C00008_KI: 0.0510326586663723;C00209_KI: 0.6601953506469727;C00002_KI: 0.0442067049443721
WP_000003829.1,1.2.4.1,Escherichia coli,R43,Pyruvate dehydrogenase (acetyl-transferring),R01699,MRL,C00022; C15972,C00011; C16255,Km_C00011: 0.413209707; Km_C16255: 0.302165031; Km_C00022: 0.38795; Km_C15972: 0.014058916,Kcat_F: 21.3131172045; Kcat_R: 3.5914396455000004,C00024;C00109;C00004;C00168;C00712;C00048;C00022,C00712_KI: 0.0425865836441516;C00022_KI: 0.3705434799194336;C00004_KI: 0.02965634688735;C00109_KI: 0.3098651170730591;C00024_KI: 0.0366036668419837;C00048_KI: 0.359648197889328;C00168_KI: 0.2606717944145202
WP_000003829.1,1.2.4.1,Escherichia coli,R44,Pyruvate dehydrogenase (acetyl-transferring),R00014,MRL,C00022; C00068,C00011; C05125,Km_C00011: 0.413209707; Km_C05125: 0.008422038; Km_C00022: 0.38795; Km_C00068: 0.00158,Kcat_F: 20.805219947999998; Kcat_R: 3.9121252725,C00024;C00109;C00004;C00168;C00712;C00048;C00022,C00712_KI: 0.0425865836441516;C00022_KI: 0.3705434799194336;C00004_KI: 0.02965634688735;C00109_KI: 0.3098651170730591;C00024_KI: 0.0366036668419837;C00048_KI: 0.359648197889328;C00168_KI: 0.2606717944145202
WP_000003829.1,1.2.4.1,Escherichia coli,R45,Pyruvate dehydrogenase (acetyl-transferring),R00209,MRL,C00003; C00010; C00022,C00004; C00011; C00024; C00080,Km_C00004: 0.029656347; Km_C00011: 0.413209707; Km_C00024: 0.036603667; Km_C00080: 0.307893664; Km_C00003: 0.064532936; Km_C00010: 0.040530939; Km_C00022: 0.38795,Kcat_F: 15.722195232666666; Kcat_R: 4.4501311973333335,C00024;C00109;C00004;C00168;C00712;C00048;C00022,C00712_KI: 0.0425865836441516;C00022_KI: 0.3705434799194336;C00004_KI: 0.02965634688735;C00109_KI: 0.3098651170730591;C00024_KI: 0.0366036668419837;C00048_KI: 0.359648197889328;C00168_KI: 0.2606717944145202
WP_000003829.1,1.2.4.1,Escherichia coli,R46,Pyruvate dehydrogenase (acetyl-transferring),R03270,MRL,C05125; C15972,C00068; C16255,Km_C00068: 0.00158; Km_C16255: 0.302165031; Km_C05125: 0.008422038; Km_C15972: 0.014058916,Kcat_F: 3.9213992214999998; Kcat_R: 3.092816338,C00024;C00109;C00004;C00168;C00712;C00048;C00022,C00712_KI: 0.0425865836441516;C00022_KI: 0.3705434799194336;C00004_KI: 0.02965634688735;C00109_KI: 0.3098651170730591;C00024_KI: 0.0366036668419837;C00048_KI: 0.359648197889328;C00168_KI: 0.2606717944145202
WP_001307570.1,4.2.1.3,Escherichia coli,R47,Aconitate hydratase,R01324,MRL,C00158,C00311,Km_C00311: 0.339520901; Km_C00158: 1.662616611,Kcat_F: 6.538237947; Kcat_R: 5.557925254,,
WP_001307570.1,4.2.1.3,Escherichia coli,R48,Aconitate hydratase,R01325,MRL,C00158,C00001; C00417,Km_C00001: 2.687092781; Km_C00417: 0.037000000000000005; Km_C00158: 1.662616611,Kcat_F: 6.538237947; Kcat_R: 34.618153544500004,,
WP_001307570.1,4.2.1.3,Escherichia coli,R49,Aconitate hydratase,R01900,MRL,C00311,C00001; C00417,Km_C00001: 2.687092781; Km_C00417: 0.037000000000000005; Km_C00311: 0.339520901,Kcat_F: 5.557925254; Kcat_R: 34.618153544500004,,
WP_001181473.1,1.2.4.2,Escherichia coli,R53,Oxoglutarate dehydrogenase (succinyl-transferring),R01700,MRL,C00026; C15972,C00011; C16254,Km_C00011: 0.496151149; Km_C16254: 0.022980487; Km_C00026: 332.91150000000005; Km_C15972: 0.020010605,Kcat_F: 11.612947489; Kcat_R: 3.3130215229999997,C00036,C00036_KI: 0.1145084053277969
WP_001181473.1,1.2.4.2,Escherichia coli,R54,Oxoglutarate dehydrogenase (succinyl-transferring),R00621,MRL,C00026; C00068,C00011; C05381,Km_C00011: 0.496151149; Km_C05381: 0.018866798; Km_C00026: 332.91150000000005; Km_C00068: 0.021916483,Kcat_F: 11.193305654000001; Kcat_R: 3.7177315589999997,C00036,C00036_KI: 0.1145084053277969
WP_001181473.1,1.2.4.2,Escherichia coli,R55,Oxoglutarate dehydrogenase (succinyl-transferring),R01933,MRL,C00003; C00010; C00322,C00004; C00011; C00080; C00527,Km_C00004: 0.035209294; Km_C00011: 0.496151149; Km_C00080: 0.608380556; Km_C00527: 0.052975662; Km_C00003: 0.127414092; Km_C00010: 0.066362962; Km_C00322: 0.131888092,Kcat_F: 3.747217959999999; Kcat_R: 3.8586726893333334,C00036,C00036_KI: 0.1145084053277969
WP_001181473.1,1.2.4.2,Escherichia coli,R56,Oxoglutarate dehydrogenase (succinyl-transferring),R01940,MRL,C00322; C15972,C00011; C06157,Km_C00011: 0.496151149; Km_C06157: 0.2160166153333333; Km_C00322: 0.131888092; Km_C15972: 0.020010605,Kcat_F: 3.4668274095; Kcat_R: 4.268352804,C00036,C00036_KI: 0.1145084053277969
WP_001181473.1,1.2.4.2,Escherichia coli,R57,Oxoglutarate dehydrogenase (succinyl-transferring),R03316,MRL,C05381; C15972,C00068; C16254,Km_C00068: 0.021916483; Km_C16254: 0.022980487; Km_C05381: 0.018866798; Km_C15972: 0.020010605,Kcat_F: 3.771502646; Kcat_R: 2.947150775,C00036,C00036_KI: 0.1145084053277969
WP_001181473.1,1.2.4.2,Escherichia coli,R58,Oxoglutarate dehydrogenase (succinyl-transferring),R08549,MRL,C00003; C00010; C00026,C00004; C00011; C00080; C00091,Km_C00004: 0.035209294; Km_C00011: 0.496151149; Km_C00080: 0.608380556; Km_C00091: 0.053117804; Km_C00003: 0.127414092; Km_C00010: 0.066362962; Km_C00026: 332.91150000000005,Kcat_F: 9.177964679666667; Kcat_R: 3.939460558666667,C00036,C00036_KI: 0.1145084053277969
WP_000025458.1,6.2.1.5,Escherichia coli,R59,Succinate-coa ligase (adp-forming),R00405,MRL,C00002; C00010; C00042,C00008; C00009; C00091,Km_C00008: 0.045971252; Km_C00009: 1.423858166; Km_C00091: 0.046856858; Km_C00002: 0.059107885; Km_C00010: 4.0; Km_C00042: 0.25,Kcat_F: 37.55658575333333; Kcat_R: 30.505424926666667,,
WP_000025458.1,6.2.1.5,Escherichia coli,R60,Succinate-coa ligase (adp-forming),R02404,MRL,C00002; C00010; C00490,C00008; C00009; C00531,Km_C00008: 0.045971252; Km_C00009: 1.423858166; Km_C00531: 0.049482018; Km_C00002: 0.059107885; Km_C00010: 4.0; Km_C00490: 0.475,Kcat_F: 23.14658575333333; Kcat_R: 31.080438466666664,,
WP_001235264.1,1.3.5.1,Escherichia coli,R63,Succinate dehydrogenase,R02164,MRL,C00042; C00399,C00122; C00390,Km_C00122: 0.230714247; Km_C00390: 0.019629668; Km_C00042: 27.275; Km_C00399: 0.003,Kcat_F: 65.75; Kcat_R: 349.5079144075,C00036;C00383;C04284;C00399;C02575,C04284_KI: 0.0107848597690463;C02575_KI: 0.0184869691729545;C00383_KI: 0.3182822167873382;C00036_KI: 0.0992854610085487;C00399_KI: 0.0120034804567694
WP_000066639.1,4.2.1.2,Escherichia coli,R64,Fumarate hydratase,R01082,MRL,C00149,C00001; C00122,Km_C00001: 6.656438828; Km_C00122: 0.910608768; Km_C00149: 0.7054444444444444,Kcat_F: 1.0; Kcat_R: 2921.884996635,C00158;C00552;C00002;C00704;C20679,C00002_KI: 0.0717935860157013;C00704_KI: 1.1812419891357422;C20679_KI: 1.3221447467803955;C00158_KI: 0.6772953271865845;C00552_KI: 0.2524639666080475
WP_001295272.1,1.1.1.37,Escherichia coli,R65,Malate dehydrogenase,R00342,MRL,C00003; C00149,C00004; C00036; C00080,Km_C00004: 0.061; Km_C00036: 0.0445; Km_C00080: 1.627506971; Km_C00003: 0.105280019; Km_C00149: 2.6,Kcat_F: 3.0071600060000003; Kcat_R: 467.479811568,C00036;C02441;C00002;C00010;C11592;C00741;C00024;C00209,C00010_KI: 0.0351871401071548;C02441_KI: 0.0952632129192352;C00024_KI: 0.0362402126193046;C00036_KI: 0.0665846914052963;C11592_KI: 0.09540229131068499;C00002_KI: 0.0450889654457569;C00741_KI: 0.2119442820549011;C00209_KI: 0.177507534623146
WP_000043460.1,1.1.1.44,Escherichia coli,R66,"Phosphogluconate dehydrogenase (nadp+-dependent, decarboxylating)",R01528,MRL,C00006; C00345,C00005; C00011; C00080; C00199,Km_C00005: 0.01731511; Km_C00011: 0.468339205; Km_C00080: 1.165087342; Km_C00199: 0.077537887; Km_C00006: 0.049; Km_C00345: 0.093,Kcat_F: 10.118956026; Kcat_R: 16.041648803333334,C00199;C00005;C00002,C00002_KI: 0.0242660213261842;C00199_KI: 0.0775378867983818;C00005_KI: 0.0173151101917028
WP_000816280.1,5.1.3.1,Escherichia coli,R67,Ribulose-phosphate 3-epimerase,R01529,MRL,C00199,C00231,Km_C00231: 0.194523394; Km_C00199: 0.194523394,Kcat_F: 6.229903202; Kcat_R: 6.229903202,,
WP_000189743.1,5.3.1.6,Escherichia coli,R68,Ribose-5-phosphate isomerase,R01056,MRL,C00117,C00199,Km_C00199: 0.370342284; Km_C00117: 2.776666666666667,Kcat_F: 2100.0; Kcat_R: 0.083821813,C00020;C01112,C01112_KI: 0.4199340939521789;C00020_KI: 0.0451404675841331
WP_000098614.1,2.2.1.1,Escherichia coli,R69,Transketolase,R01641,MRL,C00118; C05382,C00117; C00231,Km_C00117: 1.4; Km_C00231: 0.16; Km_C00118: 0.189899758; Km_C05382: 4.0,Kcat_F: 6.521449158; Kcat_R: 5.8660813125,C00704,C00704_KI: 0.1882707625627517
WP_000098614.1,2.2.1.1,Escherichia coli,R70,Transketolase,R01067,MRL,C00085; C00118,C00231; C00279,Km_C00231: 0.16; Km_C00279: 0.09; Km_C00085: 1.1; Km_C00118: 0.189899758,Kcat_F: 6.662656223; Kcat_R: 6.459872708500001,C00704,C00704_KI: 0.1882707625627517
WP_000098614.1,2.2.1.1,Escherichia coli,R71,Transketolase,R01830,MRL,C00118; C05345,C00231; C00279,Km_C00231: 0.16; Km_C00279: 0.09; Km_C00118: 0.189899758; Km_C05345: 0.556608438,Kcat_F: 6.662656223; Kcat_R: 6.459872708500001,C00704,C00704_KI: 0.1882707625627517
WP_000098614.1,2.2.1.1,Escherichia coli,R72,Transketolase,R06590,MRL,C00117; C12214,C05382; C12215,Km_C05382: 4.0; Km_C12215: 0.399685681; Km_C00117: 1.4; Km_C12214: 0.445117503,Kcat_F: 5.002509517; Kcat_R: 5.172712832,C00704,C00704_KI: 0.1882707625627517
WP_000098614.1,2.2.1.1,Escherichia coli,R73,Transketolase,R06861,MRL,C00068; C00231,C00118; C13378,Km_C00118: 0.189899758; Km_C13378: 0.12930034233333335; Km_C00068: 0.038001269; Km_C00231: 0.16,Kcat_F: 5.4421156075; Kcat_R: 7.597125547,C00704,C00704_KI: 0.1882707625627517
WP_000098614.1,2.2.1.1,Escherichia coli,R74,Transketolase,R06863,MRL,C00068; C05382,C00117; C13378,Km_C00117: 1.4; Km_C13378: 1.8126670896666666; Km_C00068: 0.038001269; Km_C05382: 4.0,Kcat_F: 5.2795694300000005; Kcat_R: 5.961297501,C00704,C00704_KI: 0.1882707625627517
WP_000130189.1,2.2.1.2,Escherichia coli,R75,Transaldolase,R08575,MRL,C00118; C05382,C00085; C00279,Km_C00085: 0.524452627; Km_C00279: 0.1975; Km_C00118: 0.371981293; Km_C05382: 0.285,Kcat_F: 8.522153938999999; Kcat_R: 8.351666031,C02426;C01112;C00009;C07182,C00009_KI: 0.9503750205039978;C02426_KI: 0.7605403661727905;C07182_KI: 0.1699618548154831;C01112_KI: 0.1185024306178093
WP_000130189.1,2.2.1.2,Escherichia coli,R76,Transaldolase,R01827,MRL,C00118; C05382,C00279; C05345,Km_C00279: 0.1975; Km_C05345: 1.0699999999999998; Km_C00118: 0.371981293; Km_C05382: 0.285,Kcat_F: 8.522153938999999; Kcat_R: 7.961376395,C02426;C01112;C00009;C07182,C00009_KI: 0.9503750205039978;C02426_KI: 0.7605403661727905;C07182_KI: 0.1699618548154831;C01112_KI: 0.1185024306178093
WP_001008532.1,1.1.1.100,Escherichia coli,R77,3-oxoacyl-[acyl-carrier-protein] reductase,R02767,MRL,C00006; C01271,C00005; C00080; C00685,Km_C00005: 0.01; Km_C00080: 1.980178118; Km_C00685: 0.6848361773333332; Km_C00006: 0.064330414; Km_C01271: 0.6848361773333332,Kcat_F: 0.049053546; Kcat_R: 0.59,,
WP_001008532.1,1.1.1.100,Escherichia coli,R78,3-oxoacyl-[acyl-carrier-protein] reductase,R04533,MRL,C00006; C04618,C00005; C00080; C05744,Km_C00005: 0.01; Km_C00080: 1.980178118; Km_C05744: 0.6848361773333332; Km_C00006: 0.064330414; Km_C04618: 0.6848361773333332,Kcat_F: 0.049053546; Kcat_R: 0.59,,
WP_001008532.1,1.1.1.100,Escherichia coli,R79,3-oxoacyl-[acyl-carrier-protein] reductase,R04534,MRL,C00006; C04619,C00005; C05753,Km_C00005: 0.01; Km_C05753: 0.037165207; Km_C00006: 0.064330414; Km_C04619: 0.037165207,Kcat_F: 0.049053546; Kcat_R: 0.59,,
WP_001008532.1,1.1.1.100,Escherichia coli,R80,3-oxoacyl-[acyl-carrier-protein] reductase,R04536,MRL,C00006; C04620,C00005; C00080; C05750,Km_C00005: 0.01; Km_C00080: 1.980178118; Km_C05750: 0.6848361773333332; Km_C00006: 0.064330414; Km_C04620: 0.6848361773333332,Kcat_F: 0.049053546; Kcat_R: 0.59,,
WP_001008532.1,1.1.1.100,Escherichia coli,R81,3-oxoacyl-[acyl-carrier-protein] reductase,R04543,MRL,C00006; C04633,C00005; C00080; C05762,Km_C00005: 0.01; Km_C00080: 1.980178118; Km_C05762: 0.6848361773333332; Km_C00006: 0.064330414; Km_C04633: 0.6848361773333332,Kcat_F: 0.049053546; Kcat_R: 0.59,,
WP_001008532.1,1.1.1.100,Escherichia coli,R82,3-oxoacyl-[acyl-carrier-protein] reductase,R04566,MRL,C00006; C04688,C00005; C00080; C05759,Km_C00005: 0.01; Km_C00080: 1.980178118; Km_C05759: 0.6848361773333332; Km_C00006: 0.064330414; Km_C04688: 0.6848361773333332,Kcat_F: 0.049053546; Kcat_R: 0.59,,
WP_001008532.1,1.1.1.100,Escherichia coli,R83,3-oxoacyl-[acyl-carrier-protein] reductase,R04953,MRL,C00006; C05747,C00005; C00080; C05746,Km_C00005: 0.01; Km_C00080: 1.980178118; Km_C05746: 0.6848361773333332; Km_C00006: 0.064330414; Km_C05747: 0.6848361773333332,Kcat_F: 0.049053546; Kcat_R: 0.59,,
WP_001008532.1,1.1.1.100,Escherichia coli,R84,3-oxoacyl-[acyl-carrier-protein] reductase,R04964,MRL,C00006; C05757,C00005; C00080; C05756,Km_C00005: 0.01; Km_C00080: 1.980178118; Km_C05756: 0.6848361773333332; Km_C00006: 0.064330414; Km_C05757: 0.6848361773333332,Kcat_F: 0.049053546; Kcat_R: 0.59,,
WP_001008532.1,1.1.1.100,Escherichia coli,R85,3-oxoacyl-[acyl-carrier-protein] reductase,R07763,MRL,C00005; C00080; C16219,C00006; C16220,Km_C00006: 0.064330414; Km_C16220: 0.055316702; Km_C00005: 0.01; Km_C00080: 1.980178118; Km_C16219: 0.045529477,Kcat_F: 0.329154582; Kcat_R: 0.026386561000000003,,
WP_000506490.1,1.3.1.9,Escherichia coli,R86,Enoyl-[acyl-carrier-protein] reductase (nadh),R01403,MRL,C00003; C00173,C00004; C00080; C00693,Km_C00004: 0.01; Km_C00080: 2.896291494; Km_C00693: 0.9941391999999999; Km_C00003: 0.076126106; Km_C00173: 0.9941391999999999,Kcat_F: 1.488236809; Kcat_R: 0.832269092,,
WP_000506490.1,1.3.1.9,Escherichia coli,R87,Enoyl-[acyl-carrier-protein] reductase (nadh),R04724,MRL,C00003; C05223,C00004; C00080; C05758,Km_C00004: 0.01; Km_C00080: 2.896291494; Km_C05758: 0.9941391999999999; Km_C00003: 0.076126106; Km_C05223: 0.9941391999999999,Kcat_F: 1.488236809; Kcat_R: 0.832269092,,
WP_000506490.1,1.3.1.9,Escherichia coli,R88,Enoyl-[acyl-carrier-protein] reductase (nadh),R04955,MRL,C00003; C05749,C00004; C00080; C05748,Km_C00004: 0.01; Km_C00080: 2.896291494; Km_C05748: 0.9941391999999999; Km_C00003: 0.076126106; Km_C05749: 0.9941391999999999,Kcat_F: 1.488236809; Kcat_R: 0.832269092,,
WP_000506490.1,1.3.1.9,Escherichia coli,R89,Enoyl-[acyl-carrier-protein] reductase (nadh),R04958,MRL,C00003; C05752,C00004; C00080; C05751,Km_C00004: 0.01; Km_C00080: 2.896291494; Km_C05751: 0.7506044; Km_C00003: 0.076126106; Km_C05752: 0.02,Kcat_F: 1.488236809; Kcat_R: 0.832269092,,
WP_000506490.1,1.3.1.9,Escherichia coli,R90,Enoyl-[acyl-carrier-protein] reductase (nadh),R04961,MRL,C00003; C05755,C00004; C00080; C05754,Km_C00004: 0.01; Km_C00080: 2.896291494; Km_C05754: 0.9941391999999999; Km_C00003: 0.076126106; Km_C05755: 0.9941391999999999,Kcat_F: 1.488236809; Kcat_R: 0.832269092,,
WP_000506490.1,1.3.1.9,Escherichia coli,R91,Enoyl-[acyl-carrier-protein] reductase (nadh),R04966,MRL,C00003; C05761,C00004; C00080; C05760,Km_C00004: 0.01; Km_C00080: 2.896291494; Km_C05760: 0.9941391999999999; Km_C00003: 0.076126106; Km_C05761: 0.9941391999999999,Kcat_F: 1.488236809; Kcat_R: 0.832269092,,
WP_000506490.1,1.3.1.9,Escherichia coli,R92,Enoyl-[acyl-carrier-protein] reductase (nadh),R04969,MRL,C00003; C05764,C00004; C00080; C05763,Km_C00004: 0.01; Km_C00080: 2.896291494; Km_C05763: 0.9941391999999999; Km_C00003: 0.076126106; Km_C05764: 0.9941391999999999,Kcat_F: 1.488236809; Kcat_R: 0.832269092,,
WP_000506490.1,1.3.1.9,Escherichia coli,R93,Enoyl-[acyl-carrier-protein] reductase (nadh),R04429,MRL,C00003; C05745,C00004; C00080; C04246,Km_C00004: 0.01; Km_C00080: 2.896291494; Km_C04246: 0.9941391999999999; Km_C00003: 0.076126106; Km_C05745: 0.9941391999999999,Kcat_F: 1.488236809; Kcat_R: 0.832269092,,
WP_000288146.1,2.3.1.180,Escherichia coli,R94,Beta-ketoacyl-[acyl-carrier-protein] synthase iii,R01624,MRL,C00024; C00229,C00010; C03939,Km_C00010: 0.064401604; Km_C03939: 0.053450802; Km_C00024: 0.042499999999999996; Km_C00229: 0.053450802,Kcat_F: 18.53948396; Kcat_R: 26.2929435,C11165;C00173,C00173_KI: 0.40810424392614114;C11165_KI: 0.40810424392614114
WP_000288146.1,2.3.1.180,Escherichia coli,R95,Beta-ketoacyl-[acyl-carrier-protein] synthase iii,R04355,MRL,C01209; C03939,C00011; C00229; C05744,Km_C00011: 0.434365362; Km_C00229: 0.219682681; Km_C05744: 0.219682681; Km_C01209: 0.005; Km_C03939: 0.219682681,Kcat_F: 47.183544684686346; Kcat_R: 35.38314654,C11165;C00173,C00173_KI: 0.40810424392614114;C11165_KI: 0.40810424392614114
WP_000288146.1,2.3.1.180,Escherichia coli,R96,Beta-ketoacyl-[acyl-carrier-protein] synthase iii,R04726,MRL,C01209; C05223,C00011; C00229; C05759,Km_C00011: 0.434365362; Km_C00229: 0.219682681; Km_C05759: 0.219682681; Km_C01209: 0.005; Km_C05223: 0.219682681,Kcat_F: 47.183544684686346; Kcat_R: 35.38314654,C11165;C00173,C00173_KI: 0.40810424392614114;C11165_KI: 0.40810424392614114
WP_000288146.1,2.3.1.180,Escherichia coli,R97,Beta-ketoacyl-[acyl-carrier-protein] synthase iii,R04952,MRL,C01209; C05745,C00011; C00229; C05746,Km_C00011: 0.434365362; Km_C00229: 0.219682681; Km_C05746: 0.219682681; Km_C01209: 0.005; Km_C05745: 0.219682681,Kcat_F: 47.183544684686346; Kcat_R: 35.38314654,C11165;C00173,C00173_KI: 0.40810424392614114;C11165_KI: 0.40810424392614114
WP_000288146.1,2.3.1.180,Escherichia coli,R98,Beta-ketoacyl-[acyl-carrier-protein] synthase iii,R04957,MRL,C01209; C05749,C00011; C00229; C05750,Km_C00011: 0.434365362; Km_C00229: 0.219682681; Km_C05750: 0.219682681; Km_C01209: 0.005; Km_C05749: 0.219682681,Kcat_F: 47.183544684686346; Kcat_R: 35.38314654,C11165;C00173,C00173_KI: 0.40810424392614114;C11165_KI: 0.40810424392614114
WP_000288146.1,2.3.1.180,Escherichia coli,R99,Beta-ketoacyl-[acyl-carrier-protein] synthase iii,R04960,MRL,C01209; C05752,C00011; C00229; C05753,Km_C00011: 0.434365362; Km_C00229: 0.219682681; Km_C05753: 0.219682681; Km_C01209: 0.005; Km_C05752: 0.219682681,Kcat_F: 47.183544684686346; Kcat_R: 35.38314654,C11165;C00173,C00173_KI: 0.40810424392614114;C11165_KI: 0.40810424392614114
WP_000288146.1,2.3.1.180,Escherichia coli,R100,Beta-ketoacyl-[acyl-carrier-protein] synthase iii,R04963,MRL,C01209; C05755,C00011; C00229; C05756,Km_C00011: 0.434365362; Km_C00229: 0.219682681; Km_C05756: 0.219682681; Km_C01209: 0.005; Km_C05755: 0.219682681,Kcat_F: 47.183544684686346; Kcat_R: 35.38314654,C11165;C00173,C00173_KI: 0.40810424392614114;C11165_KI: 0.40810424392614114
WP_000288146.1,2.3.1.180,Escherichia coli,R101,Beta-ketoacyl-[acyl-carrier-protein] synthase iii,R04968,MRL,C01209; C05761,C00011; C00229; C05762,Km_C00011: 0.434365362; Km_C00229: 0.219682681; Km_C05762: 0.219682681; Km_C01209: 0.005; Km_C05761: 0.219682681,Kcat_F: 47.183544684686346; Kcat_R: 35.38314654,C11165;C00173,C00173_KI: 0.40810424392614114;C11165_KI: 0.40810424392614114
WP_000191372.1,2.3.1.39,Escherichia coli,R102,[acyl-carrier-protein] s-malonyltransferase,R01626,MRL,C00083; C00229,C00010; C01209,Km_C00010: 0.065542154; Km_C01209: 0.14874738466666668; Km_C00083: 0.029699999999999997; Km_C00229: 0.351,Kcat_F: 1050.000235; Kcat_R: 9.578607456,C02441;C00010;C01209;C03444;C00024,C00024_KI: 0.0718286335468292;C00010_KI: 0.0655421540141105;C03444_KI: 0.0342750921845436;C02441_KI: 0.116065539419651;C01209_KI: 0.07192785479128358
WP_000817178.1,2.3.1.41,Escherichia coli,R103,Beta-ketoacyl-[acyl-carrier-protein] synthase i,R02768,MRL,C00173; C01209,C00011; C00229; C00685,Km_C00011: 0.139709994; Km_C00229: 0.082354997; Km_C00685: 0.082354997; Km_C00173: 0.082354997; Km_C01209: 0.025,Kcat_F: 47.183544684686346; Kcat_R: 3.630524813,,
WP_000817178.1,2.3.1.41,Escherichia coli,R104,Beta-ketoacyl-[acyl-carrier-protein] synthase i,R04355,MRL,C01209; C03939,C00011; C00229; C05744,Km_C00011: 0.139709994; Km_C00229: 0.06490333133333333; Km_C05744: 0.06490333133333333; Km_C01209: 0.025; Km_C03939: 0.030000000000000002,Kcat_F: 47.183544684686346; Kcat_R: 3.630524813,,
WP_000817178.1,2.3.1.41,Escherichia coli,R105,Beta-ketoacyl-[acyl-carrier-protein] synthase i,R04726,MRL,C01209; C05223,C00011; C00229; C05759,Km_C00011: 0.139709994; Km_C00229: 0.082354997; Km_C05759: 0.082354997; Km_C01209: 0.025; Km_C05223: 0.082354997,Kcat_F: 47.183544684686346; Kcat_R: 3.630524813,,
WP_000817178.1,2.3.1.41,Escherichia coli,R106,Beta-ketoacyl-[acyl-carrier-protein] synthase i,R04952,MRL,C01209; C05745,C00011; C00229; C05746,Km_C00011: 0.139709994; Km_C00229: 0.082354997; Km_C05746: 0.082354997; Km_C01209: 0.025; Km_C05745: 0.082354997,Kcat_F: 47.183544684686346; Kcat_R: 3.630524813,,
WP_000817178.1,2.3.1.41,Escherichia coli,R107,Beta-ketoacyl-[acyl-carrier-protein] synthase i,R04957,MRL,C01209; C05749,C00011; C00229; C05750,Km_C00011: 0.139709994; Km_C00229: 0.082354997; Km_C05750: 0.082354997; Km_C01209: 0.025; Km_C05749: 0.082354997,Kcat_F: 47.183544684686346; Kcat_R: 3.630524813,,
WP_000817178.1,2.3.1.41,Escherichia coli,R108,Beta-ketoacyl-[acyl-carrier-protein] synthase i,R04960,MRL,C01209; C05752,C00011; C00229; C05753,Km_C00011: 0.139709994; Km_C00229: 0.082354997; Km_C05753: 0.082354997; Km_C01209: 0.025; Km_C05752: 0.082354997,Kcat_F: 47.183544684686346; Kcat_R: 3.630524813,,
WP_000817178.1,2.3.1.41,Escherichia coli,R109,Beta-ketoacyl-[acyl-carrier-protein] synthase i,R04963,MRL,C01209; C05755,C00011; C00229; C05756,Km_C00011: 0.139709994; Km_C00229: 0.082354997; Km_C05756: 0.082354997; Km_C01209: 0.025; Km_C05755: 0.082354997,Kcat_F: 47.183544684686346; Kcat_R: 3.630524813,,
WP_000817178.1,2.3.1.41,Escherichia coli,R110,Beta-ketoacyl-[acyl-carrier-protein] synthase i,R04968,MRL,C01209; C05761,C00011; C00229; C05762,Km_C00011: 0.139709994; Km_C00229: 0.082354997; Km_C05762: 0.082354997; Km_C01209: 0.025; Km_C05761: 0.082354997,Kcat_F: 47.183544684686346; Kcat_R: 3.630524813,,
WP_000817178.1,2.3.1.41,Escherichia coli,R111,Beta-ketoacyl-[acyl-carrier-protein] synthase i,R07762,MRL,C01209; C05764,C00011; C00229; C16219,Km_C00011: 0.139709994; Km_C00229: 0.05813773966666667; Km_C16219: 0.009703225; Km_C01209: 0.025; Km_C05764: 0.05813773966666667,Kcat_F: 47.183544684686346; Kcat_R: 2.1648983915,,
WP_000438708.1,2.3.1.16,Escherichia coli,R112,Acetyl-coa c-acyltransferase,R00391,MRL,C00024; C00040,C00010; C00264,Km_C00010: 0.044450667; Km_C00264: 0.0403129015; Km_C00024: 0.036175136; Km_C00040: 0.0403129015,Kcat_F: 7.497544007; Kcat_R: 12.3577679,,
WP_000438708.1,2.3.1.16,Escherichia coli,R113,Acetyl-coa c-acyltransferase,R00829,MRL,C00024; C00091,C00010; C02232,Km_C00010: 0.044450667; Km_C02232: 0.034435365; Km_C00024: 0.036175136; Km_C00091: 0.033092964,Kcat_F: 6.854394962000001; Kcat_R: 13.09605491,,
WP_000438708.1,2.3.1.16,Escherichia coli,R114,Acetyl-coa c-acyltransferase,R00927,MRL,C00024; C00100,C00010; C03344,Km_C00010: 0.044450667; Km_C03344: 0.036884628; Km_C00024: 0.036175136; Km_C00100: 0.036921773,Kcat_F: 7.402096154500001; Kcat_R: 9.313009954,,
WP_000438708.1,2.3.1.16,Escherichia coli,R115,Acetyl-coa c-acyltransferase,R01177,MRL,C00024; C00136,C00010; C05269,Km_C00010: 0.044450667; Km_C05269: 0.033649482; Km_C00024: 0.036175136; Km_C00136: 0.036857039,Kcat_F: 6.811348954; Kcat_R: 13.073754255,,
WP_000438708.1,2.3.1.16,Escherichia coli,R116,Acetyl-coa c-acyltransferase,R03778,MRL,C00024; C01944,C00010; C05265,Km_C00010: 0.044450667; Km_C05265: 0.027325613; Km_C00024: 0.036175136; Km_C01944: 0.02909708,Kcat_F: 6.6080345915; Kcat_R: 12.190086515,,
WP_000438708.1,2.3.1.16,Escherichia coli,R117,Acetyl-coa c-acyltransferase,R03858,MRL,C00024; C01832,C00010; C05261,Km_C00010: 0.044450667; Km_C05261: 0.023172898; Km_C00024: 0.036175136; Km_C01832: 0.024466386,Kcat_F: 6.419825634; Kcat_R: 11.52468626,,
WP_000438708.1,2.3.1.16,Escherichia coli,R118,Acetyl-coa c-acyltransferase,R03991,MRL,C00024; C02593,C00010; C05259,Km_C00010: 0.044450667; Km_C05259: 0.023430889; Km_C00024: 0.036175136; Km_C02593: 0.024466386,Kcat_F: 6.339552628; Kcat_R: 11.26125064,,
WP_000438708.1,2.3.1.16,Escherichia coli,R119,Acetyl-coa c-acyltransferase,R04742,MRL,C00024; C05274,C00010; C05263,Km_C00010: 0.044450667; Km_C05263: 0.02323126; Km_C00024: 0.036175136; Km_C05274: 0.024528008,Kcat_F: 6.5115246760000005; Kcat_R: 11.830750185,,
WP_000438708.1,2.3.1.16,Escherichia coli,R120,Acetyl-coa c-acyltransferase,R04747,MRL,C00024; C05270,C00010; C05267,Km_C00010: 0.044450667; Km_C05267: 0.039290387; Km_C00024: 0.036175136; Km_C05270: 0.036632292,Kcat_F: 6.705079875; Kcat_R: 12.61703729,,
WP_000438708.1,2.3.1.16,Escherichia coli,R121,Acetyl-coa c-acyltransferase,R05506,MRL,C00010; C07118,C00024; C00512,Km_C00024: 0.036175136; Km_C00512: 0.03912735; Km_C00010: 0.044450667; Km_C07118: 0.034251861,Kcat_F: 9.211452298000001; Kcat_R: 9.3911043135,,
WP_000438708.1,2.3.1.16,Escherichia coli,R122,Acetyl-coa c-acyltransferase,R07891,MRL,C00024; C16331,C00010; C16330,Km_C00010: 0.044450667; Km_C16330: 0.0403129015; Km_C00024: 0.036175136; Km_C16331: 0.0403129015,Kcat_F: 7.497544007; Kcat_R: 12.3577679,,
WP_000438708.1,2.3.1.16,Escherichia coli,R123,Acetyl-coa c-acyltransferase,R07895,MRL,C00024; C16335,C00010; C16334,Km_C00010: 0.044450667; Km_C16334: 0.0403129015; Km_C00024: 0.036175136; Km_C16335: 0.0403129015,Kcat_F: 7.497544007; Kcat_R: 12.3577679,,
WP_000438708.1,2.3.1.16,Escherichia coli,R124,Acetyl-coa c-acyltransferase,R07899,MRL,C00024; C16339,C00010; C16338,Km_C00010: 0.044450667; Km_C16338: 0.0403129015; Km_C00024: 0.036175136; Km_C16339: 0.0403129015,Kcat_F: 7.497544007; Kcat_R: 12.3577679,,
WP_000438708.1,2.3.1.16,Escherichia coli,R125,Acetyl-coa c-acyltransferase,R07937,MRL,C00024; C16169,C00010; C16376,Km_C00010: 0.044450667; Km_C16376: 0.0403129015; Km_C00024: 0.036175136; Km_C16169: 0.0403129015,Kcat_F: 7.497544007; Kcat_R: 12.3577679,,
WP_000438708.1,2.3.1.16,Escherichia coli,R126,Acetyl-coa c-acyltransferase,R07953,MRL,C00024; C16173,C00010; C16389,Km_C00010: 0.044450667; Km_C16389: 0.0403129015; Km_C00024: 0.036175136; Km_C16173: 0.0403129015,Kcat_F: 7.497544007; Kcat_R: 12.3577679,,
WP_000438708.1,2.3.1.16,Escherichia coli,R127,Acetyl-coa c-acyltransferase,R08091,MRL,C00010; C16466,C00024; C16470,Km_C00024: 0.036175136; Km_C16470: 0.0403129015; Km_C00010: 0.044450667; Km_C16466: 0.0403129015,Kcat_F: 12.3577679; Kcat_R: 7.497544007,,
WP_000438708.1,2.3.1.16,Escherichia coli,R128,Acetyl-coa c-acyltransferase,R08095,MRL,C00010; C16471,C00024; C03069,Km_C00024: 0.036175136; Km_C03069: 0.039707839; Km_C00010: 0.044450667; Km_C16471: 0.040111214,Kcat_F: 12.3577679; Kcat_R: 8.045255425,,
WP_000758422.1,6.2.1.3,Escherichia coli,R129,Long-chain-fatty-acid-coa ligase,R00390,MRL,C00002; C00010; C00347,C00013; C00020; C00040,Km_C00013: 0.053889301; Km_C00020: 0.02481401; Km_C00040: 0.03540043666666667; Km_C00002: 0.022231769; Km_C00010: 0.04066666666666666; Km_C00347: 0.03540043666666667,Kcat_F: 3.7013905375; Kcat_R: 2.0163144405,,
WP_000758422.1,6.2.1.3,Escherichia coli,R130,Long-chain-fatty-acid-coa ligase,R01280,MRL,C00002; C00010; C00249,C00013; C00020; C00154,Km_C00013: 0.053889301; Km_C00020: 0.02481401; Km_C00154: 0.009483331; Km_C00002: 0.022231769; Km_C00010: 0.04066666666666666; Km_C00249: 0.003795795,Kcat_F: 2.5965444513333336; Kcat_R: 2.112441705,,
WP_000055746.1,6.4.1.2,Escherichia coli,R131,Acetyl-coa carboxylase,R00742,MRL,C00002; C00024; C00288,C00008; C00009; C00083,Km_C00008: 0.041535225; Km_C00009: 0.312815398; Km_C00083: 0.1; Km_C00002: 0.031438239; Km_C00024: 0.023739677; Km_C00288: 0.259498209,Kcat_F: 0.26705086833333336; Kcat_R: 0.21057309933333335,,
WP_000055746.1,6.4.1.2,Escherichia coli,R132,Acetyl-coa carboxylase,R04386,MRL,C00024; C04419,C00083; C06250,Km_C00083: 0.1; Km_C06250: 0.0618698385; Km_C00024: 0.023739677; Km_C04419: 0.0618698385,Kcat_F: 0.501296359; Kcat_R: 0.167004759,,
WP_000884639.1,6.3.4.14,Escherichia coli,R135,Biotin carboxylase,R04385,MRL,C00002; C00288; C06250,C00008; C00009; C04419,Km_C00008: 0.028477727; Km_C00009: 0.98047787; Km_C04419: 6.095770853866667; Km_C00002: 0.043465339; Km_C00288: 29.266433333333335; Km_C06250: 0.16,Kcat_F: 5.698406123999999; Kcat_R: 0.05173266,C00083;C00120;C00010;C00091;C05682;C01213,C00120_KI: 0.0673775225877761;C05682_KI: 0.3933126032352447;C00010_KI: 0.0389470010995864;C01213_KI: 0.0297006405889987;C00083_KI: 0.028516486287117;C00091_KI: 0.0285790730267763
WP_000227927.1,4.2.1.59,Escherichia coli,R138,3-hydroxyacyl-[acyl-carrier-protein] dehydratase,R04537,MRL,C04620,C00001; C05751,Km_C00001: 1.233488917; Km_C05751: 1.233488917; Km_C04620: 1.233488917,Kcat_F: 47.183544684686346; Kcat_R: 2.636789227,,
WP_000081903.1,2.4.1.1,Escherichia coli,R139,Glycogen phosphorylase,R01821,MRL,C00009,C00103; C00718,Km_C00103: 1.0; Km_C00718: 0.982406914; Km_C00009: 0.964813828,Kcat_F: 3.29200599; Kcat_R: 24.68616551,,
WP_000081903.1,2.4.1.1,Escherichia coli,R140,Glycogen phosphorylase,R02111,MRL,C00009; C00369,C00103; C00718,Km_C00103: 1.0; Km_C00718: 0.982406914; Km_C00009: 0.964813828; Km_C00369: 0.982406914,Kcat_F: 3.29200599; Kcat_R: 24.68616551,,
WP_001320171.1,5.4.2.2,Escherichia coli,R141,"Phosphoglucomutase (alpha-d-glucose-1,6-bisphosphate-dependent)",R08639,MRL,C00103,C00092,Km_C00092: 0.569383681; Km_C00103: 0.403784841,Kcat_F: 16.40078191; Kcat_R: 13.31428543,C00363;C00665;C01182;C01231;C00010;C03444;C00024;C00044,C01182_KI: 0.0727740824222564;C00010_KI: 0.0360776968300342;C00363_KI: 0.0564548633992672;C03444_KI: 0.0576398856937885;C00665_KI: 0.1322236061096191;C00044_KI: 0.0589921884238719;C00024_KI: 0.0395667441189289;C01231_KI: 0.1343982815742492
WP_001320171.1,5.4.2.2,Escherichia coli,R142,"Phosphoglucomutase (alpha-d-glucose-1,6-bisphosphate-dependent)",R00959,MRL,C00103,C00668,Km_C00668: 0.569383681; Km_C00103: 0.403784841,Kcat_F: 16.40078191; Kcat_R: 13.31428543,C00363;C00665;C01182;C01231;C00010;C03444;C00024;C00044,C01182_KI: 0.0727740824222564;C00010_KI: 0.0360776968300342;C00363_KI: 0.0564548633992672;C03444_KI: 0.0576398856937885;C00665_KI: 0.1322236061096191;C00044_KI: 0.0589921884238719;C00024_KI: 0.0395667441189289;C01231_KI: 0.1343982815742492
WP_001320171.1,5.4.2.2,Escherichia coli,R143,"Phosphoglucomutase (alpha-d-glucose-1,6-bisphosphate-dependent)",R01057,MRL,C00620,C00117,Km_C00117: 0.554221213; Km_C00620: 0.530358553,Kcat_F: 17.61713517; Kcat_R: 14.04424624,C00363;C00665;C01182;C01231;C00010;C03444;C00024;C00044,C01182_KI: 0.0727740824222564;C00010_KI: 0.0360776968300342;C00363_KI: 0.0564548633992672;C03444_KI: 0.0576398856937885;C00665_KI: 0.1322236061096191;C00044_KI: 0.0589921884238719;C00024_KI: 0.0395667441189289;C01231_KI: 0.1343982815742492
WP_001320171.1,5.4.2.2,Escherichia coli,R144,"Phosphoglucomutase (alpha-d-glucose-1,6-bisphosphate-dependent)",R03319,MRL,C01171,C03735,Km_C03735: 0.569383681; Km_C01171: 0.403784841,Kcat_F: 16.40078191; Kcat_R: 13.31428543,C00363;C00665;C01182;C01231;C00010;C03444;C00024;C00044,C01182_KI: 0.0727740824222564;C00010_KI: 0.0360776968300342;C00363_KI: 0.0564548633992672;C03444_KI: 0.0576398856937885;C00665_KI: 0.1322236061096191;C00044_KI: 0.0589921884238719;C00024_KI: 0.0395667441189289;C01231_KI: 0.1343982815742492
,1.1.1.42,Escherichia coli,R145,Isocitrate dehydrogenase (nadp+),R00267,MRL,C00006; C00311,C00005; C00011; C00026; C00080,Km_C00005: 0.000715; Km_C00011: 0.505214036; Km_C00026: 2.75; Km_C00080: 2.13827467; Km_C00006: 0.01485; Km_C00311: 0.074271195,Kcat_F: 45.913566013; Kcat_R: 7.140433394333333,C00011;C00005;C00006;C00311;C00026;C00080;C05379,C00011_KI: 0.505214036;C05379_KI: 0.069090471;C00026_KI: 0.182909817;C00311_KI: 0.074271195;C00005_KI: 0.032034442;C00080_KI: 2.13827467;C00006_KI: 0.04062869
,1.1.1.42,Escherichia coli,R146,Isocitrate dehydrogenase (nadp+),R00268,MRL,C05379,C00011; C00026,Km_C00011: 0.505214036; Km_C00026: 2.75; Km_C05379: 0.069090471,Kcat_F: 22.23114258; Kcat_R: 5.840927925,C00011;C00005;C00006;C00311;C00026;C00080;C05379,C00011_KI: 0.505214036;C05379_KI: 0.069090471;C00026_KI: 0.182909817;C00311_KI: 0.074271195;C00005_KI: 0.032034442;C00080_KI: 2.13827467;C00006_KI: 0.04062869
,1.1.1.42,Escherichia coli,R147,Isocitrate dehydrogenase (nadp+),R01899,MRL,C00006; C00311,C00005; C00080; C05379,Km_C00005: 0.000715; Km_C00080: 2.13827467; Km_C05379: 0.069090471; Km_C00006: 0.01485; Km_C00311: 0.074271195,Kcat_F: 45.913566013; Kcat_R: 15.985293456499999,C00011;C00005;C00006;C00311;C00026;C00080;C05379,C00011_KI: 0.505214036;C05379_KI: 0.069090471;C00026_KI: 0.182909817;C00311_KI: 0.074271195;C00005_KI: 0.032034442;C00080_KI: 2.13827467;C00006_KI: 0.04062869
,2.3.3.16,Escherichia coli,R148,Citrate synthase,R00351,MRL,C00158; C00010,C00024; C00001; C00036,Km_C00158: 0.206155464; Km_C00010: 0.065331496; Km_C00024: 0.052596927; Km_C00001: 0.965167284; Km_C00036: 0.069584779,Kcat_F: 33.803514055; Kcat_R: 47.3506715233333,,
,4.3.1.17,Dictyostelium discoideum,R149,L-serine ammonia-lyase,R00220,MRL,C00065,C00014; C00022,Km_C00014: 2.321814537; Km_C00022: 0.786924958; Km_C00065: 0.995956302,Kcat_F: 3.547282326; Kcat_R: 16.004088045,C05167;C00001;C00022;C00065;C00161;C02218;C00014,C00001_KI: 1.243283153;C00065_KI: 0.995956302;C05167_KI: 1.3902921916;C02218_KI: 1.603482008;C00022_KI: 0.786924958;C00161_KI: 1.3902921916;C00014_KI: 2.321814537
,4.3.1.17,Dictyostelium discoideum,R150,L-serine ammonia-lyase,R00590,MRL,C00065,C00001; C02218,Km_C00001: 1.243283153; Km_C02218: 1.603482008; Km_C00065: 0.995956302,Kcat_F: 3.547282326; Kcat_R: 1.10709272,C05167;C00001;C00022;C00065;C00161;C02218;C00014,C00001_KI: 1.243283153;C00065_KI: 0.995956302;C05167_KI: 1.3902921916;C02218_KI: 1.603482008;C00022_KI: 0.786924958;C00161_KI: 1.3902921916;C00014_KI: 2.321814537
,4.3.1.17,Dictyostelium discoideum,R151,L-serine ammonia-lyase,R06131,MRL,C05167,C00014; C00161,Km_C00014: 2.321814537; Km_C00161: 2.321814537; Km_C05167: 2.321814537,Kcat_F: 36.422624656829335; Kcat_R: 17.86179164,C05167;C00001;C00022;C00065;C00161;C02218;C00014,C00001_KI: 1.243283153;C00065_KI: 0.995956302;C05167_KI: 1.3902921916;C02218_KI: 1.603482008;C00022_KI: 0.786924958;C00161_KI: 1.3902921916;C00014_KI: 2.321814537
,4.3.1.17,Dictyostelium discoideum,R152,L-serine ammonia-lyase,R08698,MRL,C00001; C02218,C00014; C00022,Km_C00014: 2.321814537; Km_C00022: 0.786924958; Km_C00001: 1.243283153; Km_C02218: 1.603482008,Kcat_F: 1.10709272; Kcat_R: 16.004088045,C05167;C00001;C00022;C00065;C00161;C02218;C00014,C00001_KI: 1.243283153;C00065_KI: 0.995956302;C05167_KI: 1.3902921916;C02218_KI: 1.603482008;C00022_KI: 0.786924958;C00161_KI: 1.3902921916;C00014_KI: 2.321814537
,6.4.1.1,Rhizobium etli,R153,Pyruvate carboxylase,R00344,MRL,C00002; C00022; C00288,C00008; C00009; C00036,Km_C00008: 0.060795698; Km_C00009: 1.167335033; Km_C00036: 0.202194154; Km_C00002: 0.069778137; Km_C00022: 9.7; Km_C00288: 10.8,Kcat_F: 7.969744614476191; Kcat_R: 1.3504319023333335,C00022;C00002;C00036;C00288;C00008;C00009,C00022_KI: 0.670731664;C00009_KI: 1.167335033;C00036_KI: 0.202194154;C00008_KI: 0.060795698;C00288_KI: 1.142170787;C00002_KI: 0.069778137
,1.17.1.9,Starkeya novella,R154,Formate dehydrogenase,R00519,MRL,C00058; C00003,C00080; C00011; C00004,Km_C00058: 6.299069881; Km_C00003: 0.179658741; Km_C00080: 3.996599674; Km_C00011: 3.174462318; Km_C00004: 0.080049999,Kcat_F: 12.1695376695; Kcat_R: 26.700187375,,
